dias,f,n_coortes,snapshot
0,0.0029,104,2026-10-05
1,0.016,104,2026-10-05
2,0.0979,104,2026-10-05
3,0.1958,104,2026-10-05
4,0.2864,104,2026-10-05
5,0.3575,104,2026-10-05
6,0.4119,104,2026-10-05
7,0.459,104,2026-10-05
8,0.504,104,2026-10-05
9,0.5446,104,2026-10-05
10,0.583,104,2026-10-05
11,0.6026,104,2026-10-05
12,0.6309,104,2026-10-05
13,0.6577,104,2026-10-05
14,0.678,104,2026-10-05
15,0.7143,104,2026-10-05
16,0.7375,104,2026-10-05
17,0.7498,104,2026-10-05
18,0.7607,104,2026-10-05
19,0.7796,104,2026-10-05
20,0.7875,104,2026-10-05
21,0.7991,104,2026-10-05
22,0.8057,104,2026-10-05
23,0.8158,104,2026-10-05
24,0.8252,104,2026-10-05
25,0.8339,104,2026-10-05
26,0.8434,104,2026-10-05
27,0.855,104,2026-10-05
28,0.8615,104,2026-10-05
29,0.8673,104,2026-10-05
30,0.8709,104,2026-10-05
31,0.8767,104,2026-10-05
32,0.8803,104,2026-10-05
33,0.8847,104,2026-10-05
34,0.8898,104,2026-10-05
35,0.8949,104,2026-10-05
36,0.8985,104,2026-10-05
37,0.9065,104,2026-10-05
38,0.9108,104,2026-10-05
39,0.913,104,2026-10-05
40,0.9159,104,2026-10-05
41,0.9173,104,2026-10-05
42,0.9195,104,2026-10-05
43,0.9217,104,2026-10-05
44,0.9239,104,2026-10-05
45,0.9268,104,2026-10-05
46,0.9282,104,2026-10-05
47,0.9289,104,2026-10-05
48,0.9304,104,2026-10-05
49,0.9311,104,2026-10-05
50,0.9318,104,2026-10-05
51,0.9347,104,2026-10-05
52,0.9369,104,2026-10-05
53,0.9391,104,2026-10-05
54,0.9405,104,2026-10-05
55,0.9427,104,2026-10-05
56,0.9442,104,2026-10-05
57,0.9463,104,2026-10-05
58,0.9485,104,2026-10-05
59,0.9492,104,2026-10-05
60,0.9514,104,2026-10-05
61,0.9521,104,2026-10-05
62,0.9529,104,2026-10-05
63,0.9543,104,2026-10-05
64,0.9558,104,2026-10-05
65,0.9579,104,2026-10-05
66,0.9608,104,2026-10-05
67,0.9623,104,2026-10-05
68,0.9652,104,2026-10-05
69,0.9666,104,2026-10-05
70,0.9666,104,2026-10-05
71,0.9674,104,2026-10-05
72,0.9681,104,2026-10-05
73,0.9695,104,2026-10-05
74,0.9695,104,2026-10-05
75,0.9695,104,2026-10-05
76,0.9703,104,2026-10-05
77,0.9703,104,2026-10-05
78,0.971,104,2026-10-05
79,0.9717,104,2026-10-05
80,0.9724,104,2026-10-05
81,0.9739,104,2026-10-05
82,0.9753,104,2026-10-05
83,0.9761,104,2026-10-05
84,0.9775,104,2026-10-05
85,0.9775,104,2026-10-05
86,0.9782,104,2026-10-05
87,0.979,104,2026-10-05
88,0.9797,104,2026-10-05
89,0.9811,104,2026-10-05
90,0.9819,104,2026-10-05
91,0.9819,104,2026-10-05
92,0.984,104,2026-10-05
93,0.9855,104,2026-10-05
94,0.9869,104,2026-10-05
95,0.9869,104,2026-10-05
96,0.9877,104,2026-10-05
97,0.9877,104,2026-10-05
98,0.9877,104,2026-10-05
99,0.9877,104,2026-10-05
100,0.9877,104,2026-10-05
101,0.9877,104,2026-10-05
102,0.9877,104,2026-10-05
103,0.9877,104,2026-10-05
104,0.9884,104,2026-10-05
105,0.9884,104,2026-10-05
106,0.9884,104,2026-10-05
107,0.9927,104,2026-10-05
108,0.9927,104,2026-10-05
109,0.9927,104,2026-10-05
110,0.9927,104,2026-10-05
111,0.9927,104,2026-10-05
112,0.9927,104,2026-10-05
113,0.9935,104,2026-10-05
114,0.9956,104,2026-10-05
115,0.9971,104,2026-10-05
116,0.9978,104,2026-10-05
117,0.9978,104,2026-10-05
118,0.9985,104,2026-10-05
119,0.9993,104,2026-10-05
120,1.0,104,2026-10-05
