dias,f,n_base,snapshot
0,0.004017107213219029,1405489,2026-09-27
1,0.02270313036957244,1405489,2026-09-27
2,0.05378483929792407,1405489,2026-09-27
3,0.09006971950687626,1405489,2026-09-27
4,0.1288149533721004,1405489,2026-09-27
5,0.1676249333861738,1405489,2026-09-27
6,0.20714925552601265,1405489,2026-09-27
7,0.2491709291214659,1405489,2026-09-27
8,0.28953268221949796,1405489,2026-09-27
9,0.32675816032711746,1405489,2026-09-27
10,0.36149126745211096,1405489,2026-09-27
11,0.3931044639979395,1405489,2026-09-27
12,0.421944960081509,1405489,2026-09-27
13,0.44861396994213404,1405489,2026-09-27
14,0.4744491063252718,1405489,2026-09-27
15,0.4984179883300403,1405489,2026-09-27
16,0.5202708808108779,1405489,2026-09-27
17,0.5406801476212194,1405489,2026-09-27
18,0.5593185005361123,1405489,2026-09-27
19,0.5764890369117083,1405489,2026-09-27
20,0.5928513136709003,1405489,2026-09-27
21,0.6087874042415131,1405489,2026-09-27
22,0.6233809015936802,1405489,2026-09-27
23,0.6369142696954583,1405489,2026-09-27
24,0.6499510134906783,1405489,2026-09-27
25,0.661961779850287,1405489,2026-09-27
26,0.6729650676739555,1405489,2026-09-27
27,0.6834582127643831,1405489,2026-09-27
28,0.6938119046111353,1405489,2026-09-27
29,0.7034861176430409,1405489,2026-09-27
30,0.7127996021313578,1405489,2026-09-27
31,0.7215965404211631,1405489,2026-09-27
32,0.7299445246458706,1405489,2026-09-27
33,0.7377190429807704,1405489,2026-09-27
34,0.7452118088437547,1405489,2026-09-27
35,0.7528027611742247,1405489,2026-09-27
36,0.7599305295167732,1405489,2026-09-27
37,0.7666370921437308,1405489,2026-09-27
38,0.7728868742480375,1405489,2026-09-27
39,0.7787716588319084,1405489,2026-09-27
40,0.784149146667103,1405489,2026-09-27
41,0.7893814892894928,1405489,2026-09-27
42,0.7946515412073663,1405489,2026-09-27
43,0.7996839534140786,1405489,2026-09-27
44,0.8045157237089725,1405489,2026-09-27
45,0.8092101752486145,1405489,2026-09-27
46,0.8135979719513992,1405489,2026-09-27
47,0.8178527188757791,1405489,2026-09-27
48,0.8219224768034471,1405489,2026-09-27
49,0.8259965037079622,1405489,2026-09-27
50,0.829917558942119,1405489,2026-09-27
51,0.8338037508653572,1405489,2026-09-27
52,0.8375839298635563,1405489,2026-09-27
53,0.8411542175001014,1405489,2026-09-27
54,0.8445331126746634,1405489,2026-09-27
55,0.8480450576276299,1405489,2026-09-27
56,0.8513556491726367,1405489,2026-09-27
57,0.8548220583725664,1405489,2026-09-27
58,0.8581959730741401,1405489,2026-09-27
59,0.8614966036731699,1405489,2026-09-27
60,0.8646542235478186,1405489,2026-09-27
61,0.8677172144356875,1405489,2026-09-27
62,0.870526912697289,1405489,2026-09-27
63,0.8733622248199737,1405489,2026-09-27
64,0.8761121574057144,1405489,2026-09-27
65,0.8788314956573833,1405489,2026-09-27
66,0.8813985737348353,1405489,2026-09-27
67,0.8839485759048986,1405489,2026-09-27
68,0.8863626823119924,1405489,2026-09-27
69,0.8887952876187576,1405489,2026-09-27
70,0.8911289949618958,1405489,2026-09-27
71,0.8933445939455947,1405489,2026-09-27
72,0.8955032732379976,1405489,2026-09-27
73,0.8975950718931276,1405489,2026-09-27
74,0.8995908185691955,1405489,2026-09-27
75,0.9015502789420622,1405489,2026-09-27
76,0.9034385897008087,1405489,2026-09-27
77,0.9053126705367314,1405489,2026-09-27
78,0.9071511765655939,1405489,2026-09-27
79,0.9088637477774639,1405489,2026-09-27
80,0.9105748959970515,1405489,2026-09-27
81,0.9122469119288732,1405489,2026-09-27
82,0.9138655656501047,1405489,2026-09-27
83,0.915455048029547,1405489,2026-09-27
84,0.9171519663263106,1405489,2026-09-27
85,0.9187891189472134,1405489,2026-09-27
86,0.920429117552681,1405489,2026-09-27
87,0.9219901400864753,1405489,2026-09-27
88,0.9235412016742928,1405489,2026-09-27
89,0.9250986667273811,1405489,2026-09-27
90,0.9267230124177421,1405489,2026-09-27
91,0.9283658570077745,1405489,2026-09-27
92,0.9300400074280197,1405489,2026-09-27
93,0.9316558151646864,1405489,2026-09-27
94,0.9331997617910919,1405489,2026-09-27
95,0.934671135811095,1405489,2026-09-27
96,0.936022266983235,1405489,2026-09-27
97,0.9373499187827155,1405489,2026-09-27
98,0.9386740131014899,1405489,2026-09-27
99,0.9399426107212507,1405489,2026-09-27
100,0.9413207787467565,1405489,2026-09-27
101,0.9426427385771073,1405489,2026-09-27
102,0.943910624700727,1405489,2026-09-27
103,0.9450547104957776,1405489,2026-09-27
104,0.9462016422753932,1405489,2026-09-27
105,0.947392686815763,1405489,2026-09-27
106,0.9485104472535894,1405489,2026-09-27
107,0.9495940558766379,1405489,2026-09-27
108,0.9507054128491934,1405489,2026-09-27
109,0.9517349477655108,1405489,2026-09-27
110,0.9527182354326501,1405489,2026-09-27
111,0.9537392323952731,1405489,2026-09-27
112,0.9547979386533797,1405489,2026-09-27
113,0.955813243646873,1405489,2026-09-27
114,0.9568214336789544,1405489,2026-09-27
115,0.957819662765059,1405489,2026-09-27
116,0.9587673756251383,1405489,2026-09-27
117,0.9597641817189605,1405489,2026-09-27
118,0.9607503153706646,1405489,2026-09-27
119,0.9617378720146511,1405489,2026-09-27
120,0.9627204481856493,1405489,2026-09-27
121,0.9637136967987654,1405489,2026-09-27
122,0.9646528717051503,1405489,2026-09-27
123,0.9655258774704035,1405489,2026-09-27
124,0.9664237856005988,1405489,2026-09-27
125,0.9672989258542757,1405489,2026-09-27
126,0.9682487732027786,1405489,2026-09-27
127,0.969150950309821,1405489,2026-09-27
128,0.9700360515094746,1405489,2026-09-27
129,0.9708407536451726,1405489,2026-09-27
130,0.9716461672770118,1405489,2026-09-27
131,0.972451580908851,1405489,2026-09-27
132,0.9731780184690169,1405489,2026-09-27
133,0.9739464343015136,1405489,2026-09-27
134,0.9747326375375404,1405489,2026-09-27
135,0.9754206543060814,1405489,2026-09-27
136,0.9760695387868564,1405489,2026-09-27
137,0.9766899634219833,1405489,2026-09-27
138,0.9772733902577679,1405489,2026-09-27
139,0.9778596630781173,1405489,2026-09-27
140,0.9784253025103719,1405489,2026-09-27
141,0.9789126773670943,1405489,2026-09-27
142,0.9794249545887588,1405489,2026-09-27
143,0.9799607111830829,1405489,2026-09-27
144,0.9805028712426778,1405489,2026-09-27
145,0.9809923805878239,1405489,2026-09-27
146,0.9814726404831343,1405489,2026-09-27
147,0.98198562920094,1405489,2026-09-27
148,0.9825213857952642,1405489,2026-09-27
149,0.9830315285285051,1405489,2026-09-27
150,0.9835238838582159,1405489,2026-09-27
151,0.9840126817072208,1405489,2026-09-27
152,0.9845107290060612,1405489,2026-09-27
153,0.985016602762455,1405489,2026-09-27
154,0.985555916837485,1405489,2026-09-27
155,0.986076732012844,1405489,2026-09-27
156,0.9866060851418972,1405489,2026-09-27
157,0.9871269003172561,1405489,2026-09-27
158,0.9875644704440946,1405489,2026-09-27
159,0.9880226739590278,1405489,2026-09-27
160,0.988484434954667,1405489,2026-09-27
161,0.9889938661917667,1405489,2026-09-27
162,0.9894378397838759,1405489,2026-09-27
163,0.9898910628258207,1405489,2026-09-27
164,0.9903321904333652,1405489,2026-09-27
165,0.9907277822878727,1405489,2026-09-27
166,0.9911226626462392,1405489,2026-09-27
167,0.9914755647322747,1405489,2026-09-27
168,0.9918362932758634,1405489,2026-09-27
169,0.9921692734699453,1405489,2026-09-27
170,0.9924745053145204,1405489,2026-09-27
171,0.9928039280278963,1405489,2026-09-27
172,0.9931383312142607,1405489,2026-09-27
173,0.9934300446321529,1405489,2026-09-27
174,0.9937004131658091,1405489,2026-09-27
175,0.9940006645373959,1405489,2026-09-27
176,0.9942767250401817,1405489,2026-09-27
177,0.9945456705815556,1405489,2026-09-27
178,0.9947897137579874,1405489,2026-09-27
179,0.9950558133147965,1405489,2026-09-27
180,0.9952977220028048,1405489,2026-09-27
181,0.9955424766753778,1405489,2026-09-27
182,0.9958028842630572,1405489,2026-09-27
183,0.9960618688584543,1405489,2026-09-27
184,0.996330102903687,1405489,2026-09-27
185,0.9965791265531071,1405489,2026-09-27
186,0.996837399652363,1405489,2026-09-27
187,0.9971070566898781,1405489,2026-09-27
188,0.9973582148277219,1405489,2026-09-27
189,0.9976029695002949,1405489,2026-09-27
190,0.9978313597616203,1405489,2026-09-27
191,0.9980704224650637,1405489,2026-09-27
192,0.9982938322534007,1405489,2026-09-27
193,0.9985193765301614,1405489,2026-09-27
194,0.998741363326216,1405489,2026-09-27
195,0.9989484087033054,1405489,2026-09-27
196,0.9991341091961587,1405489,2026-09-27
197,0.9993525385115074,1405489,2026-09-27
198,0.9995617183770203,1405489,2026-09-27
199,0.9997780132039454,1405489,2026-09-27
200,1.0,1405489,2026-09-27
