ano_epi,se,sem,fim_semana,observado,f,estimado,lo,hi,snapshot
2026,1,202601,2026-01-10,16,1.0,16.0,16.0,16.0,2026-10-05
2026,2,202602,2026-01-17,17,1.0,17.0,17.0,17.0,2026-10-05
2026,3,202603,2026-01-24,18,1.0,18.0,18.0,18.0,2026-10-05
2026,4,202604,2026-01-31,13,1.0,13.0,13.0,13.0,2026-10-05
2026,5,202605,2026-02-07,13,1.0,13.0,13.0,13.0,2026-10-05
2026,6,202606,2026-02-14,7,1.0,7.0,7.0,7.0,2026-10-05
2026,7,202607,2026-02-21,10,1.0,10.0,10.0,10.0,2026-10-05
2026,8,202608,2026-02-28,17,1.0,17.0,17.0,17.0,2026-10-05
2026,9,202609,2026-03-07,19,1.0,19.0,19.0,19.0,2026-10-05
2026,10,202610,2026-03-14,16,1.0,16.0,16.0,16.0,2026-10-05
2026,11,202611,2026-03-21,20,1.0,20.0,20.0,20.0,2026-10-05
2026,12,202612,2026-03-28,21,1.0,21.0,21.0,21.0,2026-10-05
2026,13,202613,2026-04-04,17,1.0,17.0,17.0,17.0,2026-10-05
2026,14,202614,2026-04-11,18,1.0,18.0,18.0,18.0,2026-10-05
2026,15,202615,2026-04-18,17,1.0,17.0,17.0,17.0,2026-10-05
2026,16,202616,2026-04-25,24,1.0,24.0,24.0,24.0,2026-10-05
2026,17,202617,2026-05-02,30,1.0,30.0,30.0,30.0,2026-10-05
2026,18,202618,2026-05-09,37,1.0,37.0,37.0,37.0,2026-10-05
2026,19,202619,2026-05-16,35,1.0,35.0,35.0,35.0,2026-10-05
2026,20,202620,2026-05-23,37,1.0,37.0,37.0,37.0,2026-10-05
2026,21,202621,2026-05-30,37,1.0,37.0,37.0,37.0,2026-10-05
2026,22,202622,2026-06-06,22,1.0,22.0,22.0,22.0,2026-10-05
2026,23,202623,2026-06-13,27,0.998,27.0,27.0,27.0,2026-10-05
2026,24,202624,2026-06-20,22,0.9929,22.0,22.0,23.0,2026-10-05
2026,25,202625,2026-06-27,24,0.988,24.0,24.0,26.0,2026-10-05
2026,26,202626,2026-07-04,24,0.9872,24.0,24.0,26.0,2026-10-05
2026,27,202627,2026-07-11,23,0.9808,23.0,23.0,25.0,2026-10-05
2026,28,202628,2026-07-18,13,0.9749,13.0,13.0,15.0,2026-10-05
2026,29,202629,2026-07-25,15,0.9698,15.0,15.0,17.0,2026-10-05
2026,30,202630,2026-08-01,8,0.9638,8.0,8.0,10.0,2026-10-05
2026,31,202631,2026-08-08,7,0.952,7.0,7.0,9.0,2026-10-05
2026,32,202632,2026-08-15,10,0.9406,10.0,10.0,13.0,2026-10-05
2026,33,202633,2026-08-22,10,0.9287,11.0,10.0,13.0,2026-10-05
2026,34,202634,2026-08-29,8,0.9149,9.0,8.0,11.0,2026-10-05
2026,35,202635,2026-09-05,10,0.8851,11.0,10.0,14.0,2026-10-05
2026,36,202636,2026-09-12,8,0.8432,9.0,8.0,13.0,2026-10-05
2026,37,202637,2026-09-19,10,0.7743,12.0,10.0,16.0,2026-10-05
2026,38,202638,2026-09-26,7,0.6302,11.0,7.0,16.0,2026-10-05
2026,39,202639,2026-10-03,4,0.3304,11.0,5.0,21.525,2026-10-05
2026,40,202640,2026-10-10,0,0.0048,,,,2026-10-05
